Run,Top-1,Top-50,Baseline
0,-0.24916666666666668,-0.24916666666666668,0.0
1,-0.24916666666666668,-0.24916666666666668,0.0
2,-0.24916666666666668,-0.24916666666666668,0.0
3,-0.24916666666666668,-0.24916666666666668,0.0
4,-0.24916666666666668,-0.24916666666666668,0.0
5,-0.24916666666666668,-0.24916666666666668,0.0
6,-0.24916666666666668,-0.24916666666666668,0.0
7,-0.24916666666666668,-0.24916666666666668,0.0
8,-0.24916666666666668,-0.24916666666666668,0.0
9,-0.24916666666666668,-0.24916666666666668,0.0
10,-0.24916666666666668,-0.24916666666666668,0.0
11,-0.24916666666666668,-0.24916666666666668,0.0
12,-0.24916666666666668,-0.24916666666666668,0.0
13,-0.24916666666666668,-0.24916666666666668,0.0
14,-0.24916666666666668,-0.24916666666666668,0.0
15,-0.24916666666666668,-0.24916666666666668,0.0
16,-0.24916666666666668,-0.24916666666666668,0.0
17,-0.24916666666666668,-0.24916666666666668,0.0
18,-0.24916666666666668,-0.24916666666666668,0.0
19,-0.24916666666666668,-0.24916666666666668,0.0
20,-0.24916666666666668,-0.24916666666666668,0.0
21,-0.24916666666666668,-0.24916666666666668,0.0
22,-0.24916666666666668,-0.24916666666666668,0.0
23,-0.24916666666666668,-0.24916666666666668,0.0
24,-0.24916666666666668,-0.24916666666666668,0.0
25,-0.24916666666666668,-0.24916666666666668,0.0
26,-0.24916666666666668,-0.24916666666666668,0.0
27,-0.24916666666666668,-0.24916666666666668,0.0
28,-0.24916666666666668,-0.24916666666666668,0.0
29,-0.24916666666666668,-0.24916666666666668,0.0
30,-0.24916666666666668,-0.24916666666666668,0.0
31,-0.24916666666666668,-0.24916666666666668,0.0
32,-0.24916666666666668,-0.24916666666666668,0.0
33,-0.24916666666666668,-0.24916666666666668,0.0
34,-0.24916666666666668,-0.24916666666666668,0.0
35,-0.24916666666666668,-0.24916666666666668,0.0
36,-0.24916666666666668,-0.24916666666666668,0.0
37,-0.24916666666666668,-0.24916666666666668,0.0
38,-0.24916666666666668,-0.24916666666666668,0.0
39,-0.24916666666666668,-0.24916666666666668,0.0
40,-0.24916666666666668,-0.24916666666666668,0.0
41,-0.24916666666666668,-0.24916666666666668,0.0
42,-0.24916666666666668,-0.24916666666666668,0.0
43,-0.24916666666666668,-0.24916666666666668,0.0
44,-0.24916666666666668,-0.24916666666666668,0.0
45,-0.24916666666666668,-0.24916666666666668,0.0
46,-0.24916666666666668,-0.24916666666666668,0.0
47,-0.24916666666666668,-0.24916666666666668,0.0
48,-0.24916666666666668,-0.24916666666666668,0.0
49,-0.24916666666666668,-0.24916666666666668,0.0
50,-0.24916666666666668,-0.24916666666666668,0.0
51,-0.21388888888888888,-0.24916666666666668,0.0
52,-0.1786111111111111,-0.24916666666666668,0.0
53,-0.14333333333333334,-0.24916666666666668,0.0
54,-0.10805555555555556,-0.24916666666666668,0.0
55,-0.07277777777777777,-0.24916666666666668,0.0
56,-0.0375,-0.24916666666666668,0.0
57,-0.0022222222222222222,-0.24916666666666668,0.0
58,0.03305555555555555,-0.24916666666666668,0.0
59,0.06833333333333333,-0.24916666666666668,0.0
60,0.10361111111111111,-0.24916666666666668,0.0
61,0.1388888888888889,-0.24916666666666668,0.0
62,0.17416666666666666,-0.24916666666666668,0.0
63,0.20944444444444443,-0.24916666666666668,0.0
64,0.24472222222222223,-0.24916666666666668,0.0
65,0.28,-0.24916666666666668,0.0
66,0.31527777777777777,-0.24916666666666668,0.0
67,0.35055555555555556,-0.24916666666666668,0.0
68,0.3858333333333333,-0.24916666666666668,0.0
69,0.4211111111111111,-0.24916666666666668,0.0
70,0.4563888888888889,-0.24916666666666668,0.0
71,0.49166666666666664,-0.24916666666666668,0.0
72,0.5269444444444444,-0.24916666666666668,0.0
73,0.5622222222222222,-0.24916666666666668,0.0
74,0.5975,-0.24916666666666668,0.0
75,0.6327777777777778,-0.24916666666666668,0.0
76,0.6680555555555555,-0.24916666666666668,0.0
77,0.7033333333333334,-0.24916666666666668,0.0
78,0.7386111111111111,-0.24916666666666668,0.0
79,0.7738888888888888,-0.24916666666666668,0.0
80,0.8091666666666667,-0.24916666666666668,0.0
81,0.8444444444444444,-0.24916666666666668,0.0
82,0.8797222222222222,-0.24916666666666668,0.0
83,0.915,-0.24916666666666668,0.0
84,0.9502777777777778,-0.24916666666666668,0.0
85,0.9855555555555555,-0.24916666666666668,0.0
86,1.0208333333333333,-0.24916666666666668,0.0
87,1.056111111111111,-0.24916666666666668,0.0
88,1.091388888888889,-0.24916666666666668,0.0
89,1.1266666666666667,-0.24916666666666668,0.0
90,1.1619444444444444,-0.24916666666666668,0.0
91,1.1972222222222222,-0.24916666666666668,0.0
92,1.2325,-0.24916666666666668,0.0
93,1.2677777777777777,-0.24916666666666668,0.0
94,1.3030555555555556,-0.24916666666666668,0.0
95,1.3383333333333334,-0.24916666666666668,0.0
96,1.3736111111111111,-0.24916666666666668,0.0
97,1.4088888888888889,-0.24916666666666668,0.0
98,1.4441666666666666,-0.24916666666666668,0.0
99,1.4794444444444443,-0.24916666666666668,0.0
100,1.5147222222222223,-0.24916666666666668,0.0
101,1.55,-0.15222222222222223,0.0
102,1.5852777777777778,-0.05527777777777778,0.0
103,1.6205555555555555,0.041666666666666664,0.0
104,1.6558333333333333,0.1386111111111111,0.0
105,1.691111111111111,0.23555555555555555,0.0
106,1.726388888888889,0.3325,0.0
107,1.7616666666666667,0.42944444444444446,0.0
108,1.7969444444444445,0.5263888888888889,0.0
109,1.8322222222222222,0.6233333333333333,0.0
110,1.8675,0.7202777777777778,0.0
111,1.9027777777777777,0.8172222222222222,0.0
112,1.9380555555555556,0.9141666666666667,0.0
113,1.9733333333333334,1.011111111111111,0.0
114,2.008611111111111,1.1080555555555556,0.0
115,2.043888888888889,1.205,0.0
116,2.0791666666666666,1.3019444444444443,0.0
117,2.1144444444444446,1.3988888888888888,0.0
118,2.149722222222222,1.4958333333333333,0.0
119,2.185,1.5927777777777778,0.0
120,2.2202777777777776,1.6897222222222221,0.0
121,2.2555555555555555,1.7866666666666666,0.0
122,2.2908333333333335,1.8836111111111111,0.0
123,2.326111111111111,1.9805555555555556,0.0
124,2.361388888888889,2.0775,0.0
125,2.3966666666666665,2.1744444444444446,0.0
126,2.4319444444444445,2.2713888888888887,0.0
127,2.4672222222222224,2.368333333333333,0.0
128,2.5025,2.4652777777777777,0.0
129,2.537777777777778,2.562222222222222,0.0
130,2.5730555555555554,2.6591666666666667,0.0
131,2.6083333333333334,2.756111111111111,0.0
132,2.643611111111111,2.8530555555555557,0.0
133,2.678888888888889,2.95,0.0
134,2.714166666666667,3.0469444444444442,0.0
135,2.7494444444444444,3.1438888888888887,0.0
136,2.7847222222222223,3.2408333333333332,0.0
137,2.82,3.3377777777777777,0.0
138,2.855277777777778,3.4347222222222222,0.0
139,2.8905555555555558,3.5316666666666667,0.0
140,2.9258333333333333,3.6286111111111112,0.0
141,2.9611111111111112,3.7255555555555557,0.0
142,2.9963888888888888,3.8225,0.0
143,3.0316666666666667,3.9194444444444443,0.0
144,3.0669444444444443,4.016388888888889,0.0
145,3.102222222222222,4.113333333333333,0.0
146,3.1375,4.210277777777778,0.0
147,3.1727777777777777,4.307222222222222,0.0
148,3.2080555555555557,4.404166666666667,0.0
149,3.243333333333333,4.501111111111111,0.0
150,3.278611111111111,4.598055555555556,0.0
151,3.313888888888889,4.695,0.0
152,3.3491666666666666,4.791944444444445,0.0
153,3.3844444444444446,4.888888888888889,0.0
154,3.419722222222222,4.985833333333333,0.0
155,3.455,5.082777777777777,0.0
156,3.4902777777777776,5.179722222222222,0.0
157,3.5255555555555556,5.276666666666666,0.0
158,3.5608333333333335,5.373611111111111,0.0
159,3.596111111111111,5.470555555555555,0.0
160,3.631388888888889,5.5675,0.0
161,3.6666666666666665,5.664444444444444,0.0
162,3.7019444444444445,5.761388888888889,0.0
163,3.737222222222222,5.858333333333333,0.0
164,3.7725,5.955277777777778,0.0
165,3.807777777777778,6.052222222222222,0.0
166,3.8430555555555554,6.149166666666667,0.0
167,3.8783333333333334,6.246111111111111,0.0
168,3.913611111111111,6.343055555555556,0.0
169,3.948888888888889,6.44,0.0
170,3.984166666666667,6.536944444444444,0.0
171,4.019444444444445,6.6338888888888885,0.0
172,4.054722222222222,6.730833333333333,0.0
173,4.09,6.8277777777777775,0.0
174,4.125277777777778,6.924722222222222,0.0
175,4.160555555555556,7.0216666666666665,0.0
176,4.195833333333334,7.118611111111111,0.0
177,4.231111111111111,7.2155555555555555,0.0
178,4.266388888888889,7.3125,0.0
179,4.301666666666667,7.4094444444444445,0.0
180,4.336944444444445,7.506388888888889,0.0
181,4.372222222222222,7.6033333333333335,0.0
182,4.4075,7.700277777777778,0.0
183,4.442777777777778,7.7972222222222225,0.0
184,4.478055555555556,7.894166666666667,0.0
185,4.513333333333334,7.9911111111111115,0.0
186,4.548611111111111,8.088055555555556,0.0
187,4.583888888888889,8.185,0.0
188,4.619166666666667,8.281944444444445,0.0
189,4.654444444444445,8.37888888888889,0.0
190,4.689722222222223,8.475833333333334,0.0
191,4.725,8.572777777777778,0.0
192,4.760277777777778,8.669722222222223,0.0
193,4.795555555555556,8.766666666666667,0.0
194,4.8308333333333335,8.863611111111112,0.0
195,4.8661111111111115,8.960555555555555,0.0
196,4.901388888888889,9.0575,0.0
197,4.9366666666666665,9.154444444444444,0.0
198,4.9719444444444445,9.251388888888888,0.0
199,5.0072222222222225,9.348333333333333,0.0
200,5.0425,9.445277777777777,0.0
201,5.0777777777777775,9.542222222222222,0.0
202,5.1130555555555555,9.639166666666666,0.0
203,5.148333333333333,9.73611111111111,0.0
204,5.183611111111111,9.833055555555555,0.0
205,5.2188888888888885,9.93,0.0
206,5.254166666666666,10.026944444444444,0.0
207,5.289444444444444,10.123888888888889,0.0
208,5.324722222222222,10.220833333333333,0.0
209,5.36,10.317777777777778,0.0
210,5.395277777777777,10.414722222222222,0.0
211,5.430555555555555,10.511666666666667,0.0
212,5.465833333333333,10.608611111111111,0.0
213,5.501111111111111,10.705555555555556,0.0
214,5.536388888888889,10.8025,0.0
215,5.571666666666666,10.899444444444445,0.0
216,5.606944444444444,10.99638888888889,0.0
217,5.642222222222222,11.093333333333334,0.0
218,5.6775,11.190277777777778,0.0
219,5.712777777777778,11.287222222222223,0.0
220,5.748055555555555,11.384166666666667,0.0
221,5.783333333333333,11.481111111111112,0.0
222,5.818611111111111,11.578055555555556,0.0
223,5.853888888888889,11.675,0.0
224,5.889166666666667,11.771944444444445,0.0
225,5.924444444444444,11.86888888888889,0.0
226,5.959722222222222,11.965833333333334,0.0
227,5.995,12.062777777777777,0.0
228,6.030277777777778,12.159722222222221,0.0
229,6.065555555555555,12.256666666666666,0.0
230,6.100833333333333,12.35361111111111,0.0
231,6.136111111111111,12.450555555555555,0.0
232,6.171388888888889,12.5475,0.0
233,6.206666666666667,12.644444444444444,0.0
234,6.241944444444444,12.741388888888888,0.0
235,6.277222222222222,12.838333333333333,0.0
236,6.3125,12.935277777777777,0.0
237,6.347777777777778,13.032222222222222,0.0
238,6.383055555555556,13.129166666666666,0.0
239,6.418333333333333,13.226111111111111,0.0
240,6.453611111111111,13.323055555555555,0.0
241,6.488888888888889,13.42,0.0
242,6.524166666666667,13.516944444444444,0.0
243,6.559444444444445,13.613888888888889,0.0
244,6.594722222222222,13.710833333333333,0.0
245,6.63,13.807777777777778,0.0
246,6.665277777777778,13.904722222222222,0.0
247,6.700555555555556,14.001666666666667,0.0
248,6.735833333333333,14.098611111111111,0.0
249,6.771111111111111,14.195555555555556,0.0
250,6.806388888888889,14.2925,0.0
251,6.841666666666667,14.389444444444445,0.0
252,6.876944444444445,14.48638888888889,0.0
253,6.912222222222222,14.583333333333334,0.0
254,6.9475,14.680277777777778,0.0
255,6.982777777777778,14.777222222222223,0.0
256,7.018055555555556,14.874166666666667,0.0
257,7.053333333333334,14.971111111111112,0.0
258,7.088611111111111,15.068055555555556,0.0
259,7.123888888888889,15.165,0.0
260,7.159166666666667,15.261944444444444,0.0
261,7.194444444444445,15.358888888888888,0.0
262,7.229722222222223,15.455833333333333,0.0
263,7.265,15.552777777777777,0.0
264,7.300277777777778,15.649722222222222,0.0
265,7.335555555555556,15.746666666666666,0.0
266,7.370833333333334,15.84361111111111,0.0
267,7.4061111111111115,15.940555555555555,0.0
268,7.441388888888889,16.0375,0.0
269,7.476666666666667,16.134444444444444,0.0
270,7.5119444444444445,16.23138888888889,0.0
271,7.5472222222222225,16.328333333333333,0.0
272,7.5825,16.42527777777778,0.0
273,7.6177777777777775,16.522222222222222,0.0
274,7.6530555555555555,16.61916666666667,0.0
275,7.6883333333333335,16.71611111111111,0.0
276,7.723611111111111,16.813055555555554,0.0
277,7.7588888888888885,16.91,0.0
278,7.7941666666666665,17.006944444444443,0.0
279,7.829444444444444,17.10388888888889,0.0
280,7.864722222222222,17.200833333333332,0.0
281,7.9,17.297777777777778,0.0
282,7.935277777777777,17.39472222222222,0.0
283,7.970555555555555,17.491666666666667,0.0
284,8.005833333333333,17.58861111111111,0.0
285,8.04111111111111,17.685555555555556,0.0
286,8.07638888888889,17.7825,0.0
287,8.111666666666666,17.879444444444445,0.0
288,8.146944444444445,17.976388888888888,0.0
289,8.182222222222222,18.073333333333334,0.0
290,8.2175,18.170277777777777,0.0
291,8.252777777777778,18.267222222222223,0.0
292,8.288055555555555,18.364166666666666,0.0
293,8.323333333333334,18.461111111111112,0.0
294,8.358611111111111,18.558055555555555,0.0
295,8.393888888888888,18.655,0.0
296,8.429166666666667,18.751944444444444,0.0
297,8.464444444444444,18.84888888888889,0.0
298,8.499722222222223,18.945833333333333,0.0
299,8.535,19.04277777777778,0.0
300,8.570277777777777,19.139722222222222,0.0
301,8.605555555555556,19.236666666666668,0.0
302,8.640833333333333,19.33361111111111,0.0
303,8.676111111111112,19.430555555555557,0.0
304,8.711388888888889,19.5275,0.0
305,8.746666666666666,19.624444444444446,0.0
306,8.781944444444445,19.72138888888889,0.0
307,8.817222222222222,19.81833333333333,0.0
308,8.8525,19.915277777777778,0.0
309,8.887777777777778,20.01222222222222,0.0
310,8.923055555555555,20.109166666666667,0.0
311,8.958333333333334,20.20611111111111,0.0
312,8.993611111111111,20.303055555555556,0.0
313,9.028888888888888,20.4,0.0
314,9.064166666666667,20.496944444444445,0.0
315,9.099444444444444,20.593888888888888,0.0
316,9.134722222222223,20.690833333333334,0.0
317,9.17,20.787777777777777,0.0
318,9.205277777777777,20.884722222222223,0.0
319,9.240555555555556,20.981666666666666,0.0
320,9.275833333333333,21.078611111111112,0.0
321,9.311111111111112,21.175555555555555,0.0
322,9.346388888888889,21.2725,0.0
323,9.381666666666666,21.369444444444444,0.0
324,9.416944444444445,21.46638888888889,0.0
325,9.452222222222222,21.563333333333333,0.0
326,9.4875,21.66027777777778,0.0
327,9.522777777777778,21.75722222222222,0.0
328,9.558055555555555,21.854166666666668,0.0
329,9.593333333333334,21.95111111111111,0.0
330,9.62861111111111,22.048055555555557,0.0
331,9.66388888888889,22.145,0.0
332,9.699166666666667,22.241944444444446,0.0
333,9.734444444444444,22.33888888888889,0.0
334,9.769722222222223,22.435833333333335,0.0
335,9.805,22.532777777777778,0.0
336,9.840277777777779,22.629722222222224,0.0
337,9.875555555555556,22.726666666666667,0.0
338,9.910833333333333,22.823611111111113,0.0
339,9.946111111111112,22.920555555555556,0.0
340,9.981388888888889,23.0175,0.0
341,10.016666666666667,23.114444444444445,0.0
342,10.051944444444445,23.211388888888887,0.0
343,10.087222222222222,23.308333333333334,0.0
344,10.1225,23.405277777777776,0.0
345,10.157777777777778,23.502222222222223,0.0
346,10.193055555555556,23.599166666666665,0.0
347,10.228333333333333,23.69611111111111,0.0
348,10.26361111111111,23.793055555555554,0.0
349,10.29888888888889,23.89,0.0
350,10.334166666666667,23.986944444444443,0.0
351,10.369444444444444,24.08388888888889,0.0
352,10.404722222222222,24.180833333333332,0.0
353,10.44,24.27777777777778,0.0
354,10.475277777777778,24.37472222222222,0.0
355,10.510555555555555,24.471666666666668,0.0
356,10.545833333333333,24.56861111111111,0.0
357,10.581111111111111,24.665555555555557,0.0
358,10.616388888888888,24.7625,0.0
359,10.651666666666667,24.859444444444446,0.0
360,10.686944444444444,24.95638888888889,0.0
361,10.722222222222221,25.053333333333335,0.0
362,10.7575,25.150277777777777,0.0
363,10.792777777777777,25.247222222222224,0.0
364,10.828055555555556,25.344166666666666,0.0
365,10.863333333333333,25.441111111111113,0.0
366,10.89861111111111,25.538055555555555,0.0
367,10.93388888888889,25.635,0.0
368,10.969166666666666,25.731944444444444,0.0
369,11.004444444444445,25.82888888888889,0.0
370,11.039722222222222,25.925833333333333,0.0
371,11.075,26.022777777777776,0.0
372,11.110277777777778,26.119722222222222,0.0
373,11.145555555555555,26.216666666666665,0.0
374,11.180833333333334,26.31361111111111,0.0
375,11.216111111111111,26.410555555555554,0.0
376,11.251388888888888,26.5075,0.0
377,11.286666666666667,26.604444444444443,0.0
378,11.321944444444444,26.70138888888889,0.0
379,11.357222222222223,26.798333333333332,0.0
380,11.3925,26.89527777777778,0.0
381,11.427777777777777,26.99222222222222,0.0
382,11.463055555555556,27.089166666666667,0.0
383,11.498333333333333,27.18611111111111,0.0
384,11.533611111111112,27.283055555555556,0.0
385,11.568888888888889,27.38,0.0
386,11.604166666666666,27.476944444444445,0.0
387,11.639444444444445,27.573888888888888,0.0
388,11.674722222222222,27.670833333333334,0.0
389,11.71,27.767777777777777,0.0
390,11.745277777777778,27.864722222222223,0.0
391,11.780555555555555,27.961666666666666,0.0
392,11.815833333333334,28.058611111111112,0.0
393,11.851111111111111,28.155555555555555,0.0
394,11.886388888888888,28.2525,0.0
395,11.921666666666667,28.349444444444444,0.0
396,11.956944444444444,28.44638888888889,0.0
397,11.992222222222223,28.543333333333333,0.0
398,12.0275,28.64027777777778,0.0
399,12.062777777777777,28.737222222222222,0.0
400,12.098055555555556,28.83416666666667,0.0
401,12.133333333333333,28.93111111111111,0.0
402,12.168611111111112,29.028055555555557,0.0
403,12.203888888888889,29.125,0.0
404,12.239166666666666,29.221944444444443,0.0
405,12.274444444444445,29.31888888888889,0.0
406,12.309722222222222,29.41583333333333,0.0
407,12.345,29.512777777777778,0.0
408,12.380277777777778,29.60972222222222,0.0
409,12.415555555555555,29.706666666666667,0.0
410,12.450833333333334,29.80361111111111,0.0
411,12.48611111111111,29.900555555555556,0.0
412,12.52138888888889,29.9975,0.0
413,12.556666666666667,30.094444444444445,0.0
414,12.591944444444444,30.191388888888888,0.0
415,12.627222222222223,30.288333333333334,0.0
416,12.6625,30.385277777777777,0.0
417,12.697777777777778,30.482222222222223,0.0
418,12.733055555555556,30.579166666666666,0.0
419,12.768333333333333,30.676111111111112,0.0
420,12.803611111111111,30.773055555555555,0.0
421,12.838888888888889,30.87,0.0
422,12.874166666666667,30.966944444444444,0.0
423,12.909444444444444,31.06388888888889,0.0
424,12.944722222222222,31.160833333333333,0.0
425,12.98,31.25777777777778,0.0
426,13.015277777777778,31.35472222222222,0.0
427,13.050555555555556,31.451666666666668,0.0
428,13.085833333333333,31.54861111111111,0.0
429,13.12111111111111,31.645555555555557,0.0
430,13.15638888888889,31.7425,0.0
431,13.191666666666666,31.839444444444446,0.0
432,13.226944444444445,31.93638888888889,0.0
433,13.262222222222222,32.03333333333333,0.0
434,13.2975,32.13027777777778,0.0
435,13.332777777777778,32.227222222222224,0.0
436,13.368055555555555,32.32416666666666,0.0
437,13.403333333333334,32.42111111111111,0.0
438,13.438611111111111,32.518055555555556,0.0
439,13.473888888888888,32.615,0.0
440,13.509166666666667,32.71194444444444,0.0
441,13.544444444444444,32.80888888888889,0.0
442,13.579722222222221,32.905833333333334,0.0
443,13.615,33.00277777777778,0.0
444,13.650277777777777,33.09972222222222,0.0
445,13.685555555555556,33.196666666666665,0.0
446,13.720833333333333,33.29361111111111,0.0
447,13.75611111111111,33.39055555555556,0.0
448,13.79138888888889,33.4875,0.0
449,13.826666666666666,33.58444444444444,0.0
450,13.861944444444445,33.68138888888889,0.0
451,13.897222222222222,33.778333333333336,0.0
452,13.9325,33.875277777777775,0.0
453,13.967777777777778,33.97222222222222,0.0
454,14.003055555555555,34.06916666666667,0.0
455,14.038333333333334,34.166111111111114,0.0
456,14.073611111111111,34.26305555555555,0.0
457,14.108888888888888,34.36,0.0
458,14.144166666666667,34.456944444444446,0.0
459,14.179444444444444,34.55388888888889,0.0
460,14.214722222222223,34.65083333333333,0.0
461,14.25,34.74777777777778,0.0
462,14.285277777777777,34.844722222222224,0.0
463,14.320555555555556,34.94166666666667,0.0
464,14.355833333333333,35.03861111111111,0.0
465,14.391111111111112,35.135555555555555,0.0
466,14.426388888888889,35.2325,0.0
467,14.461666666666666,35.32944444444445,0.0
468,14.496944444444445,35.42638888888889,0.0
469,14.532222222222222,35.52333333333333,0.0
470,14.5675,35.62027777777778,0.0
471,14.602777777777778,35.71722222222222,0.0
472,14.638055555555555,35.814166666666665,0.0
473,14.673333333333334,35.91111111111111,0.0
474,14.70861111111111,36.00805555555556,0.0
475,14.74388888888889,36.105,0.0
476,14.779166666666667,36.20194444444444,0.0
477,14.814444444444444,36.29888888888889,0.0
478,14.849722222222223,36.395833333333336,0.0
479,14.885,36.492777777777775,0.0
480,14.920277777777779,36.58972222222222,0.0
481,14.955555555555556,36.68666666666667,0.0
482,14.990833333333333,36.783611111111114,0.0
483,15.026111111111112,36.88055555555555,0.0
484,15.061388888888889,36.9775,0.0
485,15.096666666666666,37.074444444444445,0.0
486,15.131944444444445,37.17138888888889,0.0
487,15.167222222222222,37.26833333333333,0.0
488,15.2025,37.36527777777778,0.0
489,15.237777777777778,37.46222222222222,0.0
490,15.273055555555555,37.55916666666667,0.0
491,15.308333333333334,37.65611111111111,0.0
492,15.34361111111111,37.753055555555555,0.0
493,15.37888888888889,37.85,0.0
494,15.414166666666667,37.94694444444445,0.0
495,15.449444444444444,38.04388888888889,0.0
496,15.484722222222222,38.14083333333333,0.0
497,15.52,38.23777777777778,0.0
498,15.555277777777778,38.334722222222226,0.0
499,15.590555555555556,38.431666666666665,0.0
500,15.625833333333333,38.52861111111111,0.0
501,15.661111111111111,38.62555555555556,0.0
502,15.696388888888889,38.7225,0.0
503,15.731666666666667,38.81944444444444,0.0
504,15.766944444444444,38.91638888888889,0.0
505,15.802222222222222,39.013333333333335,0.0
506,15.8375,39.110277777777775,0.0
507,15.872777777777777,39.20722222222222,0.0
508,15.908055555555556,39.30416666666667,0.0
509,15.943333333333333,39.40111111111111,0.0
510,15.97861111111111,39.49805555555555,0.0
511,16.01388888888889,39.595,0.0
512,16.049166666666668,39.691944444444445,0.0
513,16.084444444444443,39.78888888888889,0.0
514,16.119722222222222,39.88583333333333,0.0
515,16.155,39.98277777777778,0.0
516,16.190277777777776,40.07972222222222,0.0
517,16.225555555555555,40.17666666666667,0.0
518,16.260833333333334,40.27361111111111,0.0
519,16.29611111111111,40.370555555555555,0.0
520,16.33138888888889,40.4675,0.0
521,16.366666666666667,40.56444444444445,0.0
522,16.401944444444446,40.66138888888889,0.0
523,16.43722222222222,40.75833333333333,0.0
524,16.4725,40.85527777777778,0.0
525,16.50777777777778,40.952222222222225,0.0
526,16.543055555555554,41.049166666666665,0.0
527,16.578333333333333,41.14611111111111,0.0
528,16.613611111111112,41.24305555555556,0.0
529,16.648888888888887,41.34,0.0
530,16.684166666666666,41.43694444444444,0.0
531,16.719444444444445,41.53388888888889,0.0
532,16.754722222222224,41.630833333333335,0.0
533,16.79,41.727777777777774,0.0
534,16.825277777777778,41.82472222222222,0.0
535,16.860555555555557,41.92166666666667,0.0
536,16.895833333333332,42.01861111111111,0.0
537,16.93111111111111,42.11555555555555,0.0
538,16.96638888888889,42.2125,0.0
539,17.001666666666665,42.309444444444445,0.0
540,17.036944444444444,42.40638888888889,0.0
541,17.072222222222223,42.50333333333333,0.0
542,17.1075,42.60027777777778,0.0
543,17.142777777777777,42.69722222222222,0.0
544,17.178055555555556,42.79416666666667,0.0
545,17.213333333333335,42.89111111111111,0.0
546,17.24861111111111,42.988055555555555,0.0
547,17.28388888888889,43.085,0.0
548,17.319166666666668,43.18194444444445,0.0
549,17.354444444444443,43.278888888888886,0.0
550,17.389722222222222,43.37583333333333,0.0
551,17.425,43.47277777777778,0.0
552,17.460277777777776,43.569722222222225,0.0
553,17.495555555555555,43.666666666666664,0.0
554,17.530833333333334,43.76361111111111,0.0
555,17.566111111111113,43.86055555555556,0.0
556,17.601388888888888,43.9575,0.0
557,17.636666666666667,44.05444444444444,0.0
558,17.671944444444446,44.15138888888889,0.0
559,17.70722222222222,44.248333333333335,0.0
560,17.7425,44.34527777777778,0.0
561,17.77777777777778,44.44222222222222,0.0
562,17.813055555555554,44.53916666666667,0.0
563,17.848333333333333,44.63611111111111,0.0
564,17.88361111111111,44.73305555555555,0.0
565,17.91888888888889,44.83,0.0
566,17.954166666666666,44.926944444444445,0.0
567,17.989444444444445,45.02388888888889,0.0
568,18.024722222222223,45.12083333333333,0.0
569,18.06,45.217777777777776,0.0
570,18.095277777777778,45.31472222222222,0.0
571,18.130555555555556,45.41166666666667,0.0
572,18.16583333333333,45.50861111111111,0.0
573,18.20111111111111,45.605555555555554,0.0
574,18.23638888888889,45.7025,0.0
575,18.27166666666667,45.79944444444445,0.0
576,18.306944444444444,45.896388888888886,0.0
577,18.342222222222222,45.99333333333333,0.0
578,18.3775,46.09027777777778,0.0
579,18.412777777777777,46.187222222222225,0.0
580,18.448055555555555,46.284166666666664,0.0
581,18.483333333333334,46.38111111111111,0.0
582,18.51861111111111,46.47805555555556,0.0
583,18.55388888888889,46.575,0.0
584,18.589166666666667,46.67194444444444,0.0
585,18.624444444444446,46.76888888888889,0.0
586,18.65972222222222,46.865833333333335,0.0
587,18.695,46.96277777777778,0.0
588,18.73027777777778,47.05972222222222,0.0
589,18.765555555555554,47.156666666666666,0.0
590,18.800833333333333,47.25361111111111,0.0
591,18.836111111111112,47.35055555555556,0.0
592,18.871388888888887,47.4475,0.0
593,18.906666666666666,47.544444444444444,0.0
594,18.941944444444445,47.64138888888889,0.0
595,18.977222222222224,47.73833333333334,0.0
596,19.0125,47.835277777777776,0.0
597,19.047777777777778,47.93222222222222,0.0
598,19.083055555555557,48.02916666666667,0.0
599,19.118333333333332,48.12611111111111,0.0
600,19.15361111111111,48.223055555555554,0.0
601,19.18888888888889,48.32,0.0
602,19.224166666666665,48.41694444444445,0.0
603,19.259444444444444,48.513888888888886,0.0
604,19.294722222222223,48.61083333333333,0.0
605,19.33,48.70777777777778,0.0
606,19.365277777777777,48.804722222222225,0.0
607,19.400555555555556,48.901666666666664,0.0
608,19.435833333333335,48.99861111111111,0.0
609,19.47111111111111,49.095555555555556,0.0
610,19.50638888888889,49.1925,0.0
611,19.541666666666668,49.28944444444444,0.0
612,19.576944444444443,49.38638888888889,0.0
613,19.612222222222222,49.483333333333334,0.0
614,19.6475,49.58027777777778,0.0
615,19.682777777777776,49.67722222222222,0.0
616,19.718055555555555,49.774166666666666,0.0
617,19.753333333333334,49.87111111111111,0.0
618,19.788611111111113,49.96805555555556,0.0
619,19.823888888888888,50.065,0.0
620,19.859166666666667,50.161944444444444,0.0
621,19.894444444444446,50.25888888888889,0.0
622,19.92972222222222,50.35583333333334,0.0
623,19.965,50.452777777777776,0.0
624,20.00027777777778,50.54972222222222,0.0
625,20.035555555555554,50.64666666666667,0.0
626,20.070833333333333,50.743611111111115,0.0
627,20.10611111111111,50.840555555555554,0.0
628,20.14138888888889,50.9375,0.0
629,20.176666666666666,51.034444444444446,0.0
630,20.211944444444445,51.131388888888885,0.0
631,20.247222222222224,51.22833333333333,0.0
632,20.2825,51.32527777777778,0.0
633,20.317777777777778,51.422222222222224,0.0
634,20.353055555555557,51.51916666666666,0.0
635,20.388333333333332,51.61611111111111,0.0
636,20.42361111111111,51.713055555555556,0.0
637,20.45888888888889,51.81,0.0
638,20.49416666666667,51.90694444444444,0.0
639,20.529444444444444,52.00388888888889,0.0
640,20.564722222222223,52.100833333333334,0.0
641,20.6,52.19777777777778,0.0
642,20.635277777777777,52.29472222222222,0.0
643,20.670555555555556,52.391666666666666,0.0
644,20.705833333333334,52.48861111111111,0.0
645,20.74111111111111,52.58555555555556,0.0
646,20.77638888888889,52.6825,0.0
647,20.811666666666667,52.779444444444444,0.0
648,20.846944444444443,52.87638888888889,0.0
649,20.88222222222222,52.973333333333336,0.0
650,20.9175,53.070277777777775,0.0
651,20.95277777777778,53.16722222222222,0.0
652,20.988055555555555,53.26416666666667,0.0
653,21.023333333333333,53.361111111111114,0.0
654,21.058611111111112,53.45805555555555,0.0
655,21.093888888888888,53.555,0.0
656,21.129166666666666,53.651944444444446,0.0
657,21.164444444444445,53.74888888888889,0.0
658,21.19972222222222,53.84583333333333,0.0
659,21.235,53.94277777777778,0.0
660,21.27027777777778,54.039722222222224,0.0
661,21.305555555555557,54.13666666666666,0.0
662,21.340833333333332,54.23361111111111,0.0
663,21.37611111111111,54.330555555555556,0.0
664,21.41138888888889,54.4275,0.0
665,21.446666666666665,54.52444444444444,0.0
666,21.481944444444444,54.62138888888889,0.0
667,21.517222222222223,54.718333333333334,0.0
668,21.5525,54.81527777777778,0.0
669,21.587777777777777,54.91222222222222,0.0
670,21.623055555555556,55.009166666666665,0.0
671,21.658333333333335,55.10611111111111,0.0
672,21.69361111111111,55.20305555555556,0.0
673,21.72888888888889,55.3,0.0
674,21.764166666666668,55.39694444444444,0.0
675,21.799444444444443,55.49388888888889,0.0
676,21.834722222222222,55.590833333333336,0.0
677,21.87,55.687777777777775,0.0
678,21.905277777777776,55.78472222222222,0.0
679,21.940555555555555,55.88166666666667,0.0
680,21.975833333333334,55.978611111111114,0.0
681,22.011111111111113,56.07555555555555,0.0
682,22.046388888888888,56.1725,0.0
683,22.081666666666667,56.269444444444446,0.0
684,22.116944444444446,56.36638888888889,0.0
685,22.15222222222222,56.46333333333333,0.0
686,22.1875,56.56027777777778,0.0
687,22.22277777777778,56.657222222222224,0.0
688,22.258055555555554,56.75416666666667,0.0
689,22.293333333333333,56.85111111111111,0.0
690,22.328611111111112,56.948055555555555,0.0
691,22.363888888888887,57.045,0.0
692,22.399166666666666,57.14194444444445,0.0
693,22.434444444444445,57.23888888888889,0.0
694,22.469722222222224,57.33583333333333,0.0
695,22.505,57.43277777777778,0.0
696,22.540277777777778,57.52972222222222,0.0
697,22.575555555555557,57.626666666666665,0.0
698,22.610833333333332,57.72361111111111,0.0
699,22.64611111111111,57.82055555555556,0.0
700,22.68138888888889,57.9175,0.0
701,22.716666666666665,58.01444444444444,0.0
702,22.751944444444444,58.11138888888889,0.0
703,22.787222222222223,58.208333333333336,0.0
704,22.8225,58.305277777777775,0.0
705,22.857777777777777,58.40222222222222,0.0
706,22.893055555555556,58.49916666666667,0.0
707,22.928333333333335,58.596111111111114,0.0
708,22.96361111111111,58.69305555555555,0.0
709,22.99888888888889,58.79,0.0
710,23.034166666666668,58.886944444444445,0.0
711,23.069444444444443,58.98388888888889,0.0
712,23.10472222222222,59.08083333333333,0.0
713,23.14,59.17777777777778,0.0
714,23.17527777777778,59.27472222222222,0.0
715,23.210555555555555,59.37166666666667,0.0
716,23.245833333333334,59.46861111111111,0.0
717,23.281111111111112,59.565555555555555,0.0
718,23.316388888888888,59.6625,0.0
719,23.351666666666667,59.75944444444445,0.0
720,23.386944444444445,59.85638888888889,0.0
721,23.42222222222222,59.95333333333333,0.0
722,23.4575,60.05027777777778,0.0
723,23.49277777777778,60.147222222222226,0.0
724,23.528055555555557,60.244166666666665,0.0
725,23.563333333333333,60.34111111111111,0.0
726,23.59861111111111,60.43805555555556,0.0
727,23.63388888888889,60.535,0.0
728,23.669166666666666,60.63194444444444,0.0
729,23.704444444444444,60.72888888888889,0.0
730,23.739722222222223,60.825833333333335,0.0
731,23.775,60.922777777777775,0.0
732,23.810277777777777,61.01972222222222,0.0
733,23.845555555555556,61.11666666666667,0.0
734,23.88083333333333,61.21361111111111,0.0
735,23.91611111111111,61.31055555555555,0.0
736,23.95138888888889,61.4075,0.0
737,23.986666666666668,61.504444444444445,0.0
738,24.021944444444443,61.60138888888889,0.0
739,24.057222222222222,61.69833333333333,0.0
740,24.0925,61.79527777777778,0.0
741,24.127777777777776,61.89222222222222,0.0
742,24.163055555555555,61.98916666666667,0.0
743,24.198333333333334,62.08611111111111,0.0
744,24.23361111111111,62.183055555555555,0.0
745,24.26888888888889,62.28,0.0
746,24.304166666666667,62.37694444444445,0.0
747,24.339444444444446,62.47388888888889,0.0
748,24.37472222222222,62.57083333333333,0.0
749,24.41,62.66777777777778,0.0
750,24.44527777777778,62.764722222222225,0.0
751,24.480555555555554,62.861666666666665,0.0
752,24.515833333333333,62.95861111111111,0.0
753,24.551111111111112,63.05555555555556,0.0
754,24.586388888888887,63.1525,0.0
755,24.621666666666666,63.24944444444444,0.0
756,24.656944444444445,63.34638888888889,0.0
757,24.692222222222224,63.443333333333335,0.0
758,24.7275,63.540277777777774,0.0
759,24.762777777777778,63.63722222222222,0.0
760,24.798055555555557,63.73416666666667,0.0
761,24.833333333333332,63.83111111111111,0.0
762,24.86861111111111,63.92805555555555,0.0
763,24.90388888888889,64.025,0.0
764,24.939166666666665,64.12194444444444,0.0
765,24.974444444444444,64.21888888888888,0.0
766,25.009722222222223,64.31583333333333,0.0
767,25.045,64.41277777777778,0.0
768,25.080277777777777,64.50972222222222,0.0
769,25.115555555555556,64.60666666666667,0.0
770,25.150833333333335,64.70361111111112,0.0
771,25.18611111111111,64.80055555555556,0.0
772,25.22138888888889,64.8975,0.0
773,25.256666666666668,64.99444444444444,0.0
774,25.291944444444443,65.09138888888889,0.0
775,25.327222222222222,65.18833333333333,0.0
776,25.3625,65.28527777777778,0.0
777,25.397777777777776,65.38222222222223,0.0
778,25.433055555555555,65.47916666666667,0.0
779,25.468333333333334,65.57611111111112,0.0
780,25.503611111111113,65.67305555555555,0.0
781,25.538888888888888,65.77,0.0
782,25.574166666666667,65.86694444444444,0.0
783,25.609444444444446,65.96388888888889,0.0
784,25.64472222222222,66.06083333333333,0.0
785,25.68,66.15777777777778,0.0
786,25.71527777777778,66.25472222222223,0.0
787,25.750555555555554,66.35166666666667,0.0
788,25.785833333333333,66.4486111111111,0.0
789,25.82111111111111,66.54555555555555,0.0
790,25.85638888888889,66.6425,0.0
791,25.891666666666666,66.73944444444444,0.0
792,25.926944444444445,66.83638888888889,0.0
793,25.962222222222223,66.93333333333334,0.0
794,25.9975,67.03027777777778,0.0
795,26.032777777777778,67.12722222222222,0.0
796,26.068055555555556,67.22416666666666,0.0
797,26.10333333333333,67.32111111111111,0.0
798,26.13861111111111,67.41805555555555,0.0
799,26.17388888888889,67.515,0.0
800,26.20916666666667,67.61194444444445,0.0
801,26.244444444444444,67.7088888888889,0.0
802,26.279722222222222,67.80583333333334,0.0
803,26.315,67.90277777777777,0.0
804,26.350277777777777,67.99972222222222,0.0
805,26.385555555555555,68.09666666666666,0.0
806,26.420833333333334,68.19361111111111,0.0
807,26.45611111111111,68.29055555555556,0.0
808,26.49138888888889,68.3875,0.0
809,26.526666666666667,68.48444444444445,0.0
810,26.561944444444446,68.5813888888889,0.0
811,26.59722222222222,68.67833333333333,0.0
812,26.6325,68.77527777777777,0.0
813,26.66777777777778,68.87222222222222,0.0
814,26.703055555555554,68.96916666666667,0.0
815,26.738333333333333,69.06611111111111,0.0
816,26.773611111111112,69.16305555555556,0.0
817,26.808888888888887,69.26,0.0
818,26.844166666666666,69.35694444444445,0.0
819,26.879444444444445,69.45388888888888,0.0
820,26.914722222222224,69.55083333333333,0.0
821,26.95,69.64777777777778,0.0
822,26.985277777777778,69.74472222222222,0.0
823,27.020555555555557,69.84166666666667,0.0
824,27.055833333333332,69.93861111111111,0.0
825,27.09111111111111,70.03555555555556,0.0
826,27.12638888888889,70.1325,0.0
827,27.161666666666665,70.22944444444444,0.0
828,27.196944444444444,70.32638888888889,0.0
829,27.232222222222223,70.42333333333333,0.0
830,27.2675,70.52027777777778,0.0
831,27.302777777777777,70.61722222222222,0.0
832,27.338055555555556,70.71416666666667,0.0
833,27.373333333333335,70.81111111111112,0.0
834,27.40861111111111,70.90805555555555,0.0
835,27.44388888888889,71.005,0.0
836,27.479166666666668,71.10194444444444,0.0
837,27.514444444444443,71.19888888888889,0.0
838,27.549722222222222,71.29583333333333,0.0
839,27.585,71.39277777777778,0.0
840,27.620277777777776,71.48972222222223,0.0
841,27.655555555555555,71.58666666666667,0.0
842,27.690833333333334,71.6836111111111,0.0
843,27.726111111111113,71.78055555555555,0.0
844,27.761388888888888,71.8775,0.0
845,27.796666666666667,71.97444444444444,0.0
846,27.831944444444446,72.07138888888889,0.0
847,27.86722222222222,72.16833333333334,0.0
848,27.9025,72.26527777777778,0.0
849,27.93777777777778,72.36222222222223,0.0
850,27.973055555555554,72.45916666666666,0.0
851,28.008333333333333,72.55611111111111,0.0
852,28.04361111111111,72.65305555555555,0.0
853,28.07888888888889,72.75,0.0
854,28.114166666666666,72.84694444444445,0.0
855,28.149444444444445,72.94388888888889,0.0
856,28.184722222222224,73.04083333333334,0.0
857,28.22,73.13777777777777,0.0
858,28.255277777777778,73.23472222222222,0.0
859,28.290555555555557,73.33166666666666,0.0
860,28.325833333333332,73.42861111111111,0.0
861,28.36111111111111,73.52555555555556,0.0
862,28.39638888888889,73.6225,0.0
863,28.43166666666667,73.71944444444445,0.0
864,28.466944444444444,73.8163888888889,0.0
865,28.502222222222223,73.91333333333333,0.0
866,28.5375,74.01027777777777,0.0
867,28.572777777777777,74.10722222222222,0.0
868,28.608055555555556,74.20416666666667,0.0
869,28.643333333333334,74.30111111111111,0.0
870,28.67861111111111,74.39805555555556,0.0
871,28.71388888888889,74.495,0.0
872,28.749166666666667,74.59194444444445,0.0
873,28.784444444444443,74.68888888888888,0.0
874,28.81972222222222,74.78583333333333,0.0
875,28.855,74.88277777777778,0.0
876,28.89027777777778,74.97972222222222,0.0
877,28.925555555555555,75.07666666666667,0.0
878,28.960833333333333,75.17361111111111,0.0
879,28.996111111111112,75.27055555555556,0.0
880,29.031388888888888,75.3675,0.0
881,29.066666666666666,75.46444444444444,0.0
882,29.101944444444445,75.56138888888889,0.0
883,29.13722222222222,75.65833333333333,0.0
884,29.1725,75.75527777777778,0.0
885,29.20777777777778,75.85222222222222,0.0
886,29.243055555555557,75.94916666666667,0.0
887,29.278333333333332,76.04611111111112,0.0
888,29.31361111111111,76.14305555555555,0.0
889,29.34888888888889,76.24,0.0
890,29.384166666666665,76.33694444444444,0.0
891,29.419444444444444,76.43388888888889,0.0
892,29.454722222222223,76.53083333333333,0.0
893,29.49,76.62777777777778,0.0
894,29.525277777777777,76.72472222222223,0.0
895,29.560555555555556,76.82166666666667,0.0
896,29.595833333333335,76.9186111111111,0.0
897,29.63111111111111,77.01555555555555,0.0
898,29.66638888888889,77.1125,0.0
899,29.701666666666668,77.20944444444444,0.0
900,29.736944444444443,77.30638888888889,0.0
901,29.772222222222222,77.40333333333334,0.0
902,29.8075,77.50027777777778,0.0
903,29.842777777777776,77.59722222222223,0.0
904,29.878055555555555,77.69416666666666,0.0
905,29.913333333333334,77.7911111111111,0.0
906,29.948611111111113,77.88805555555555,0.0
907,29.983888888888888,77.985,0.0
908,30.019166666666667,78.08194444444445,0.0
909,30.054444444444446,78.17888888888889,0.0
910,30.08972222222222,78.27583333333334,0.0
911,30.125,78.37277777777778,0.0
912,30.16027777777778,78.46972222222222,0.0
913,30.195555555555554,78.56666666666666,0.0
914,30.230833333333333,78.66361111111111,0.0
915,30.266111111111112,78.76055555555556,0.0
916,30.301388888888887,78.8575,0.0
917,30.336666666666666,78.95444444444445,0.0
918,30.371944444444445,79.0513888888889,0.0
919,30.407222222222224,79.14833333333333,0.0
920,30.4425,79.24527777777777,0.0
921,30.477777777777778,79.34222222222222,0.0
922,30.513055555555557,79.43916666666667,0.0
923,30.548333333333332,79.53611111111111,0.0
924,30.58361111111111,79.63305555555556,0.0
925,30.61888888888889,79.73,0.0
926,30.654166666666665,79.82694444444445,0.0
927,30.689444444444444,79.92388888888888,0.0
928,30.724722222222223,80.02083333333333,0.0
929,30.76,80.11777777777777,0.0
930,30.795277777777777,80.21472222222222,0.0
931,30.830555555555556,80.31166666666667,0.0
932,30.865833333333335,80.40861111111111,0.0
933,30.90111111111111,80.50555555555556,0.0
934,30.93638888888889,80.6025,0.0
935,30.971666666666668,80.69944444444444,0.0
936,31.006944444444443,80.79638888888888,0.0
937,31.04222222222222,80.89333333333333,0.0
938,31.0775,80.99027777777778,0.0
939,31.11277777777778,81.08722222222222,0.0
940,31.148055555555555,81.18416666666667,0.0
941,31.183333333333334,81.28111111111112,0.0
942,31.218611111111112,81.37805555555556,0.0
943,31.253888888888888,81.475,0.0
944,31.289166666666667,81.57194444444444,0.0
945,31.324444444444445,81.66888888888889,0.0
946,31.35972222222222,81.76583333333333,0.0
947,31.395,81.86277777777778,0.0
948,31.43027777777778,81.95972222222223,0.0
949,31.465555555555557,82.05666666666667,0.0
